Gen;B;C
gen.0;0;0
gen.0;-10;-10
gen.0;10;10
gen.0;-9.5;10
gen.0;10;9.622662608
gen.0;3.588230545;-0.691540426
gen.0;-0.795845292;-1.736267431
gen.0;7.175337131;-3.65604268
gen.0;-4.805187358;-4.636163494
gen.0;1;1
